{
  "results": [
    {
      "command": "./leibniz",
      "mean": 0.18694624121333336,
      "stddev": 0.03486857207375063,
      "median": 0.16791329088,
      "user": 0.1607005,
      "system": 0.0030142133333333336,
      "min": 0.16573605988,
      "max": 0.22718937288000002,
      "times": [
        0.22718937288000002,
        0.16573605988,
        0.16791329088
      ],
      "exit_codes": [
        0,
        0,
        0
      ]
    }
  ]
}
